label,missing,min,q1,med,q3,p95,max,mean,range,iqr,std,std_pop,mad
Iris-setosa,0,2.3,3.125,3.4,3.6750000000000003,4.055,4.4,3.418,2.1000000000000005,0.5500000000000003,0.381,0.377,0.2999999999999998
Iris-versicolor,0,2.0,2.525,2.8,3.0,3.2,3.4,2.77,1.4,0.4750000000000001,0.314,0.311,0.20000000000000018
Iris-virginica,0,2.2,2.8,3.0,3.1750000000000003,3.5099999999999993,3.8,2.9739999999999998,1.5999999999999996,0.37500000000000044,0.322,0.319,0.20000000000000018
